# key	size	allocations — the front end's heap allocations: `stdlib` the cold stdlib
# parse alone, `tiny`/`medium` bench/frontend's corpus on top of it (a warm run's cost).
# Pinned by `LOFT_FRONTEND_REPIN=1 cargo test [--release] --test frontend_counts -- --ignored`;
# read by tests/frontend_counts.rs, which fails when a pinned count GROWS.
linux-debug	medium	711641
linux-debug	stdlib	291378
linux-debug	tiny	15457
linux-release	medium	711641
linux-release	stdlib	290566
linux-release	tiny	15457
